headword,forms,total_frequency
a,a|an,2525253
able,able|abilities|ability|abler|ablest|ably|inability|unable,47760
about,about,192168
above,above,25370
absolute,absolute|absolutely|absolutes|absolutism|absolutist|absolutists,9284
accept,accept|acceptability|acceptable|acceptably|acceptance|acceptances|accepted|accepting|acceptor|acceptors|accepts|unacceptability|unacceptable|unacceptably,29026
across,across,24122
act,act|acted|acting|action|actionable|actioned|actioning|actions|actor|actors|actress|actresses|acts|inaction|unactioned,71517
actual,actual|actualisation|actualisations|actualise|actualised|actualises|actualising|actualities|actuality|actualization|actualizations|actualize|actualized|actualizes|actualizing|actually,32596
add,add|added|adding|addition|additional|additionality|additionally|additions|additive|additives|adds,47945
address,address|addressed|addressee|addressees|addresses|addressing,12316
admit,admit|admits|admittance|admittances|admitted|admittedly|admitting|readmit|readmits|readmittance|readmitted|readmitting,11913
advertise,advertise|ad|ads|advert|advertised|advertisement|advertisements|advertiser|advertisers|advertises|advertising|advertize|advertized|advertizement|advertizements|advertizer|advertizers|advertizes|advertizing|adverts,12970
afford,afford|affordability|affordable|afforded|affording|affords|unaffordable,5669
afraid,afraid|unafraid,5607
after,after|afterward|afterwards,119219
afternoon,afternoon|afternoons|midafternoon,8658
again,again,57536
against,against,55331
age,age|aged|ageing|ageism|ageist|ageists|ageless|ager|agers|ages|aging|underage,33083
ago,ago,19394
agree,agree|agreeable|agreeably|agreed|agreeing|agreement|agreements|agrees,40620
ahead,ahead,8888
air,air|aired|airier|airiest|airily|airiness|airing|airings|airless|airs|airy|midair,21064
all,all,282152
allow,allow|allowable|allowance|allowances|allowed|allowing|allows,37222
almost,almost,30437
alone,alone,13660
along,along,23546
already,already,33338
alright,alright|alrighty,8338
also,also,123611
although,although,42784
always,always|allus,44467
among,among|amongst,26895
amount,amount|amounted|amounting|amounts,19647
and,and|ands,2627531
angry,angry|angrier|angriest|angrily|angriness,5122
animal,animal|animals,15314
another,another,59190
answer,answer|answerable|answered|answering|answers|unanswerable|unanswered,23294
any,any|anybody|anyhow|anymore|anyone|anythin|anything|anyway|anyways|anywhere|owt,185271
apart,apart,9794
apparent,apparent|apparently,12841
appear,appear|appearance|appearances|appeared|appearing|appears|reappear|reappearance|reappearances|reappeared|reappearing|reappears,37211
area,area|areas,58309
arm,arm|armful|armfuls|arms,19916
around,around,43483
arrange,arrange|arranged|arrangement|arrangements|arranger|arrangers|arranges|arranging|prearrange|prearranged|prearranges|prearranging|rearrange|rearranged|rearrangement|rearrangements|rearranges|rearranging,16927
arrive,arrive|arrival|arrivals|arrived|arrives|arriving,17398
art,art|artist|artistic|artistically|artistries|artistry|artists|arts|arty,30969
as,as,655510
ashamed,ashamed|ashamedly|unashamed|unashamedly,1225
ask,ask|aske|asked|asking|asks|unasked,58170
at,at,524402
aunt,aunt|aunthood|auntie|aunties|aunts|aunty,4018
autumn,autumn|autumnal|autumns,3984
aware,aware|awareness|unaware|unawares,15437
away,away|aways,48340
awful,awful|awfully|awfulness,3559
baby,baby|babby|babies|babyish|babyhood,11325
back,back|backed|backer|backers|backing|backs|backward|backwardness|backwardnesses|backwards,109779
bad,bad|baddie|baddies|baddy|badly|badness,19580
bag,bag|bagful|bagfuls|baggage|bagged|bagging|bags,8376
ball,ball|balled|balling|balls,9474
bank,bank|banked|banker|bankers|banking|banks,28750
bar,bar|barred|barring|bars|unbarred,11470
base,base|based|baseless|baser|bases|basest|basing,38376
basic,basic|basically|basics,14550
bath,bath|baths,4678
be,be|ain|am|are|aren|been|beens|bein|being|beings|innit|is|isn|m|re|s|tis|twas|was|wasn|were|weren|wert|wuz,4725359
beach,beach|beached|beaches|beaching,4820
bear,bear|bearable|bearably|bearer|bearers|bearing|bearings|bears|bore|borne|unbearable|unbearably,14459
beat,beat|beaten|beater|beaters|beating|beatings|beats|unbeatable|unbeaten,11436
beauty,beauty|beauteous|beautician|beauticians|beauties|beautification|beautified|beautifies|beautiful|beautifully|beautify,14033
because,because|cos|coz,117444
become,become|became|becomes|becoming,66229
bed,bed|bedded|bedding|beds,18376
before,before,85183
begin,begin|began|beginner|beginners|beginning|beginnings|begins|begun,50518
behind,behind|behinds,22565
believe,believe|believable|believed|believer|believers|believes|believing|unbelievable|unbelievably|unbeliever|unbelievers|unbelieving|unbelievingly,35364
below,below,14209
beneath,beneath,4779
beside,beside|besides,7847
best,best,36106
bet,bet|bets|betting,3466
better,better|bettered|bettering|betterment|betterments|betters,35361
between,between|betweens,90806
beyond,beyond,11375
big,big|bigger|biggest|biggish|bigness|biggy|biggie|biggies,33663
bill,bill|billed|billing|bills,17219
billion,billion|billions|billionth|billionths,5375
bird,bird|birdie|birdied|birdies|birdlike|birds|birdy,10648
birth,birth|birthed|birthing|births|rebirth|rebirths,6252
bit,bit|bits|bitty|bitsy,30766
black,black|blacked|blacken|blackened|blackening|blackens|blacker|blackest|blacking|blackish|blackly|blackness|blacks,27758
blood,blood|blooded|bloodied|bloodier|bloodies|bloodiest|bloodiness|bloodless|bloodlessly|bloodlessness|bloods|bloody|bloodying,18021
blow,blow|blew|blowed|blower|blowers|blowing|blown|blows,7881
blue,blue|blueness|bluer|blues|bluest|bluey|bluish,12786
board,board|boards,19284
boat,boat|boated|boating|boats,7795
body,body|bodied|bodies|bodily,33137
bone,bone|boned|boneless|bones|boney|bonier|boniest|boniness|boning|bony,5439
book,book|bookish|booklet|booklets|books,39443
boring,boring|bored|boredom|bores|boringly,3845
born,born|reborn|unborn,9581
both,both,67464
bother,bother|bothered|bothering|bothers|bothersome|bovver,4339
bottle,bottle|bottled|bottles|bottling|unbottled,6360
bottom,bottom|bottomed|bottoming|bottomless|bottoms,8212
box,box|boxes,12148
boy,boy|boys|boyhood|boyish|boyishly|boyishness,21326
bread,bread|breads,3790
break,break|breakable|breakage|breakages|breaker|breakers|breaking|breaks|broke|broken|brokenly|unbreakable|unbroken,28642
breakfast,breakfast|breakfasted|breakfasting|breakfasts,4561
breath,breath|breathless|breathlessly|breathlessness|breaths|breathy,5790
bright,bright|brighten|brightened|brightening|brightens|brighter|brightest|brightly|brightness,7877
bring,bring|bringer|bringers|bringing|brings|brought,42675
brother,brother|bro|bros|brotherhood|brotherhoods|brotherly|brothers,13134
brown,brown|browned|browner|brownest|browning|brownish|browns|browny,9958
build,build|builder|builders|building|buildings|builds|built|prebuilt|rebuild|rebuilding|rebuilds|rebuilt|unbuilt,52472
burn,burn|burnable|burned|burner|burners|burning|burnings|burns|burnt|unburnable,9099
bus,bus|buses|bussed|busses|bussing|busing,7057
business,business|businesses|businesslike|unbusinesslike,39355
busy,busy|busied|busier|busies|busiest|busily|busying|busyness,5657
but,but|buts,446944
buy,buy|bought|buyer|buyers|buying|buys,31599
by,by|bys,516081
cake,cake|cakes,3782
call,call|called|caller|callers|calling|callin|calls|uncalled,65433
camp,camp|camped|camper|campers|camping|camps,5440
can,can|cannot,263030
car,car|cars,34817
card,card|carding|cards,9764
care,care|cared|careful|carefully|carefulness|careless|carelessly|carelessness|carer|carers|cares|caring|uncared|uncaring,43629
carry,carry|carried|carrier|carriers|carries|carrying,33242
case,case|cases,63902
cat,cat|catlike|cats,5688
catch,catch|catcher|catchers|catches|catching|catchy|caught|uncaught,15656
cause,cause|causation|causative|caused|causes|causing,30688
centre,centre|center|centered|centering|centerist|centerists|centers|central|centralisation|centralise|centralised|centralises|centralising|centralism|centralist|centralists|centralities|centrality|centralization|centralize|centralized|centralizes|centralizing|centrally|centred|centredness|centres|centric|centring|centrist|centrists,53625
certain,certain|cert|certainly|certainties|certainty|uncertain|uncertainly|uncertainties|uncertainty,46457
chair,chair|chairs,9579
chance,chance|chanced|chances|chancing|mischance,15990
change,change|changeable|changed|changer|changers|changes|changing|unchangeable|unchangeably|unchanged|unchanging,69961
charge,charge|chargeable|charged|chargee|chargees|charger|chargers|charges|charging|uncharged,24461
cheap,cheap|cheapen|cheapened|cheapening|cheapens|cheaper|cheapest|cheaply|cheapness,7298
check,check|checked|checker|checkers|checking|checks|unchecked,13253
chicken,chicken|chick|chickened|chickening|chickens|chicks,3260
child,child|childhood|childhoods|childish|childishly|childishness|childless|childlessness|childlike|children|childrens,74155
chip,chip|chipped|chipping|chippings|chips,4531
choice,choice|choices|choicest,13759
choose,choose|chooses|choosing|choosy|chose|chosen|unchosen,17829
christmas,christmas|christmases|christmassy,8826
church,church|churches,23969
city,city|cities,28015
class,class|classed|classes|classier|classiest|classiness|classing|classless|classlessness|classy|subclass|subclasses,30261
clean,clean|cleaned|cleaner|cleaners|cleanest|cleaning|cleanliness|cleanly|cleanness|cleans|unclean|uncleanliness,12655
clear,clear|clearance|clearances|cleared|clearer|clearest|clearing|clearings|clearly|clearness|clears|unclear,48239
climb,climb|climbed|climber|climbers|climbing|climbs|unclimbed,8075
clock,clock|clocked|clocker|clockers|clocking|clocks|oclock,8201
close,close|closely|closeness|closer|closest,32845
closed,closed|closes|closing|unclosed,12798
clothes,clothes|clothe|clothed|clothing|unclothed|unclothing,9668
club,club|clubbed|clubber|clubbers|clubbing|clubs,20612
coat,coat|coated|coating|coatings|coats,5555
coffee,coffee|coffees,6715
cold,cold|colder|coldest|coldish|coldly|coldness|colds,13445
collect,collect|collectable|collectables|collected|collecting|collection|collections|collective|collectively|collectives|collectivism|collectivist|collectivists|collectivities|collectivity|collectivization|collector|collectors|collects|uncollected,23429
college,college|colleges|collegian|collegians,12778
colour,colour|color|coloration|colorations|colored|coloreds|colorful|colorfully|coloring|colorings|colorless|colors|colouration|colourations|coloured|coloureds|colourful|colourfully|colouring|colourings|colourist|colourists|colourless|colours,22213
come,come|came|comer|comers|comes|cometh|comin|coming|comings,147672
comfort,comfort|comfortable|comfortably|comforted|comforting|comfortingly|comforts|uncomfortable|uncomfortably|uncomforted,10852
company,company|co|companies,74770
complete,complete|completed|completely|completeness|completes|completing|completion|completions|incomplete|incompletely|incompleteness|uncompleted,31714
computer,computer|computable|computation|computational|computationally|computations|compute|computed|computerisation|computerise|computerised|computerises|computerising|computerization|computerize|computerized|computerizes|computerizing|computers|computes|computing,22292
concern,concern|concerned|concerning|concerns|unconcern|unconcerned|unconcernedly,33699
consider,consider|consideration|considerations|considered|considering|consideringly|considers|reconsider|reconsideration|reconsiderations|reconsidered|reconsidering|reconsiders|unconsidered,38913
continue,continue|continual|continually|continuance|continuation|continuations|continued|continues|continuing|continuities|continuity|continuous|continuously,41032
control,control|controllable|controlled|controller|controllers|controlling|controls|uncontrollable|uncontrollably|uncontrolled,42766
conversation,conversation|conversant|conversational|conversationalist|conversationalists|conversationally|conversations|converse|conversed|converses|conversing,7136
cook,cook|cooked|cooker|cookeries|cookers|cookery|cooking|cooks|overcooked|overcooking|uncooked,9448
cool,cool|coolant|coolants|cooled|cooler|coolers|coolest|cooling|coolly|coolness|cools|uncool|uncooled,6195
corner,corner|cornered|cornering|corners,8949
cost,cost|costed|costing|costings|costless|costlier|costliest|costly|costliness|costs,39845
could,could|couldn|coulda,160197
count,count|countable|counted|counting|countless|counts|recount|recounted|recounting|recounts|uncountable|uncounted,9637
country,country|countries|countrified|countrify,48633
couple,couple|coupled|couples|coupling|couplings|uncoupled,15219
course,course|courses,57446
court,court|courted|courting|courts,34995
cover,cover|coverage|covered|covering|coverings|coverlet|coverlets|covers|uncover|uncovered|uncovering|uncovers,29244
crazy,crazy|crazier|crazies|craziest|crazily|craziness,1886
crime,crime|crimes,8796
cross,cross|crossed|crosses|crossing|crossings|crosslike|crossly|crossness|uncrossed|crosswise|crossways,17779
cry,cry|cried|crier|criers|cries|crying,8633
cup,cup|cuplike|cupful|cupped|cupping|cups,13834
cut,cut|cuts|cutter|cutters|cutting|cuttings|uncut,28239
dad,dad|daddies|daddy|dads,8844
dance,dance|danceable|danced|dancer|dancers|dances|dancing,9888
danger,danger|dangerous|dangerously|dangers|endanger|endangered|endangering|endangerment|endangerments|endangers,14555
dark,dark|darken|darkened|darkener|darkeners|darkening|darkens|darker|darkest|darkie|darkies|darkly|darkness|darky,18561
darling,darling|darlin|darlings,2518
date,date|datable|dated|dates|dating|undated,24020
daughter,daughter|daughters,11579
day,day|dailies|daily|daylight|daylights|days|midday,108153
dead,dead|deaden|deadened|deadening|deadens|deadlier|deadliest|deadly|undead|deader|deadest,13202
deal,deal|dealer|dealers|dealership|dealerships|dealing|dealings|deals|dealt|undealt,33315
dear,dear|dearer|dearest|dearie|dearly|dears,9430
death,death|deathless|deathlessly|deathlike|deathly|deaths,22861
decide,decide|decided|decidedly|decider|deciders|decides|deciding|undecided,24771
deep,deep|deepen|deepened|deepening|deepens|deeper|deepest|deeply|depth|depths,22527
definite,definite|definitely|definiteness|indefinite|indefinitely,5452
degree,degree|deg|degrees,13127
delicious,delicious|deliciously|deliciousness,1213
depend,depend|dependability|dependable|dependably|dependant|dependants|depended|dependent|dependents|depending|depends|undependable,17187
die,die|died|dies|dying|undying,22985
difference,difference|differences,18935
different,different|differently,49192
difficult,difficult|difficulties|difficulty,34653
dig,dig|digger|diggers|digging|digs|dug|undug,3623
dinner,dinner|dinners,6529
dirty,dirty|dirt|dirtier|dirtiest|dirtiness,3821
discover,discover|discovered|discoverer|discoverers|discoveries|discovering|discovers|discovery|rediscover|rediscovered|rediscoveries|rediscovering|rediscovers|rediscovery|undiscovered,14405
do,do|did|didn|doer|doers|does|doesn|doin|doing|doings|don|done|redid|redo|redoes|redoing|redone|undid|undo|undoes|undoing|undone|doable,539713
doctor,doctor|doc|docs|doctored|doctoring|doctors|dr,27561
dog,dog|doggie|doggies|doggy|dogs,12966
door,door|doors|indoor|indoors|outdoor|outdoors,31585
double,double|doubled|doubles|doubling|doubly|redouble|redoubled|redoubles|redoubling,12046
doubt,doubt|doubted|doubter|doubters|doubtful|doubtfully|doubting|doubtless|doubts|undoubtably|undoubted|undoubtedly,19905
down,down|downed|downing|downings|downs|downward|downwards,97491
draw,draw|drawing|drawings|drawn|draws|drew|redraw|redrawing|redrawn|redraws|redrew|undrawn,29362
dream,dream|dreamed|dreamer|dreamers|dreamily|dreaming|dreamless|dreamlessly|dreamlike|dreams|dreamt|dreamy|undreamed|undreamt,9457
dress,dress|dressed|dresses|dressing|dressings|undress|undressed|undresses|undressing|dressy,12490
drink,drink|drank|drinkable|drinker|drinkers|drinking|drinks|drunk|drunks|undrunk,17794
drive,drive|driven|driver|drivers|drives|driving|drove,32050
drop,drop|droplet|droplets|dropped|dropper|droppers|dropping|droppings|drops,14152
drug,drug|drugged|druggie|druggies|drugging|drugs|druggist|druggists,11085
dry,dry|dried|drier|driers|dries|driest|drily|dryer|dryers|drying|dryly|dryness,10845
during,during,43538
each,each,60495
ear,ear|eared|earful|earless|ears,6058
early,early|earlier|earliest|earliness,52148
earth,earth|earthed|earthen|earthly|earths|earthy|earthiness|unearthliness|unearthly|earthling|earthlings,10326
east,east|easterlies|easterly|eastward|eastwards,21258
easy,easy|easier|easiest|easily|easiness,31108
eat,eat|ate|eaten|eater|eaters|eating|eats|uneaten|eatable,15888
edge,edge|edged|edger|edges|edgewise|edgeways|edging,10561
educate,educate|educated|educates|educating|education|educational|educationalist|educationalists|educationally|educationist|educationists|educations|educative|educator|educators|miseducated|uneducated,35700
egg,egg|eggs,6366
eight,eight|eighteen|eighteenth|eighteenths|eighth|eighths|eighties|eightieth|eightieths|eights|eighty,32042
either,either,27190
eleven,eleven|elevens|eleventh|elevenths,4641
else,else|elsewhere,25557
employ,employ|employability|employable|employed|employee|employees|employer|employers|employing|employment|employments|employs|unemployable|unemployed|unemployment,45482
empty,empty|emptied|empties|emptiness|emptying|emptily,6957
end,end|ended|ending|endings|endless|endlessly|ends|unended|unending,67367
engine,engine|engined|engines,7121
enjoy,enjoy|enjoyable|enjoyed|enjoying|enjoyment|enjoys|unenjoyable,16159
enough,enough,31218
enter,enter|entered|entering|enters|unentered,14226
especially,especially|especial,17508
even,even|evens,87913
evening,evening|evenings|evenin,14712
ever,ever,27923
every,every|everybody|everyday|everydayness|everyone|everything|everytime|everywhere,80820
exact,exact|exactly|exactness|inexact|inexactness,12605
except,except|cept|cepting|excepted|excepting,10375
excite,excite|excitable|excitably|excitation|excitations|excited|excitedly|excitement|excitements|exciter|exciters|excites|exciting|unexciting|overexcited|excitability,8848
excuse,excuse|excusable|excused|excuses|excusing|inexcusable,3946
expect,expect|expectancies|expectancy|expectant|expectantly|expectation|expectations|expected|expectedly|expecting|expects|unexpected|unexpectedly|unexpectedness,38680
expensive,expensive|expensively|inexpensive|inexpensively|inexpensiveness,6230
experience,experience|experienced|experiences|experiencing|experiential|experientially|inexperience|inexperienced,31829
explain,explain|explained|explainer|explainers|explaining|explains|explanation|explanations|explanatory|unexplained,25955
express,express|expressed|expresses|expressible|expressing|expression|expressionless|expressionlessly|expressions|expressive|expressively|expressiveness|expressly|inexpressible|unexpressed,24255
extra,extra|extras,10533
eye,eye|eyed|eyeful|eyefuls|eyeing|eying|eyeless|eyelet|eyelets|eyes,39570
face,face|faced|faceless|faces|facing|facings,48035
fact,fact|factly|facts,42194
fair,fair|fairer|fairest|fairly|fairness|unfair|unfairly|unfairness,19210
fall,fall|fallen|falling|falls|fell,33055
family,family|familial|families|subfamilies|subfamily,42642
far,far|farther|farthest,41207
farm,farm|farmed|farmer|farmers|farming|farms|unfarmed,18795
fast,fast|faster|fastest,11887
fat,fat|fatless|fatly|fatness|fats|fatten|fattened|fattening|fattens|fatter|fattest|fattier|fattiest|fattiness|fattish|fatty,6101
father,father|fathered|fatherhood|fathering|fatherless|fatherly|fathers,24706
favourite,favourite|favorite|favorites|favoritism|favourites|favouritism,5643
fear,fear|feared|fearful|fearfulness|fearfully|fearing|fearless|fearlessly|fearlessness|fears|unfeared,15741
feed,feed|fed|feeder|feeders|feeding|feeds|unfed,9675
feel,feel|feeler|feelers|feeling|feelings|feels|felt|feelingly|unfeeling|unfeelingly,72624
fellow,fellow|fella|fellas|fellows|fellowship|fellowships,6653
few,few|fewer|fewest,46471
field,field|fielded|fielder|fielders|fielding|fields|midfielder|midfielders,22663
fight,fight|fighter|fighters|fighting|fights|fought,17918
figure,figure|fig|figs|figural|figuration|figurations|figured|figures|figuring|figurings,37749
fill,fill|filled|filler|fillers|filling|fillings|fills|refill|refillable|refilled|refilling|refills|unfilled,12913
film,film|filmed|filming|films|filmy,15171
final,final|finalise|finalised|finalises|finalising|finalist|finalists|finality|finalize|finalized|finalizes|finalizing|finally|finals|semifinalist|semifinalists,31619
find,find|finder|finders|finding|findings|finds|found|unfound,101596
fine,fine|finely|fineness|finer|finery|finest,16324
finger,finger|fingered|fingering|fingers,9083
finish,finish|finished|finisher|finishers|finishes|finishing|unfinished,15439
fire,fire|fired|fires|firing|misfire|misfired|misfires|misfiring,18968
first,first|firstly|firsts,125990
fish,fish|fished|fisheries|fishers|fishery|fishes|fishier|fishiest|fishily|fishiness|fishing|fishy,16161
fit,fit|fitness|fits|fitted|fitter|fitters|fittest|fitting|fittingly|fittings|unfit|unfitness|unfitted|unfitting,18562
five,five|fifteen|fifteenth|fifteenths|fifth|fifthly|fifths|fifties|fiftieth|fiftieths|fifty|fives,67137
fix,fix|fixable|fixed|fixedly|fixer|fixers|fixes|fixing|fixings|fixity|unfixed,9305
flat,flat|flatly|flatness|flatten|flattened|flattening|flattens|flattest|flattish,9809
floor,floor|floored|flooring|floorings|floors,13099
flower,flower|flowered|flowerer|flowerers|flowerier|floweriest|floweriness|flowering|flowers|flowery,8872
fly,fly|flew|flier|fliers|flies|flown|flyer|flyers|flying|unflown,14204
follow,follow|ff|followed|follower|followers|following|follows,63368
food,food|foods,21128
foot,foot|feet|footed|footer|footers|ft,25947
football,football|footballer|footballers|footballing|footballs|footie|footies,7544
for,for|fer,881846
force,force|forced|forceful|forcefully|forces|forcible|forcibly|forcing|unforced,38111
forest,forest|forested|forester|foresters|foresting|forestry|forests,10688
forget,forget|forgetful|forgetfully|forgetfulness|forgets|forgettable|forgetting|forgot|forgotten|unforgettable|unforgotten|unforgettably,12709
form,form|formed|forming|formless|formlessness|forms|preform|preformed|preforming|preforms|unformed,55495
fortunate,fortunate|fortunately|unfortunate|unfortunately|unfortunates,9028
forward,forward|forwarded|forwarder|forwarders|forwarding|forwards,16892
four,four|forties|fortieth|fortieths|forty|fortyish|fours|fourteen|fourteenth|fourteenths|fourth|fourthly|fourths,69820
free,free|freed|freedom|freedoms|freeing|freely|freer|frees|freest|unfree|unfreed,33486
freeze,freeze|freezable|freezer|freezers|freezes|freezing|froze|frozen|unfrozen,5103
fresh,fresh|freshen|freshened|freshener|fresheners|freshening|freshens|fresher|freshest|freshly|freshness,7988
friday,friday|fri|fridays,6023
friend,friend|friendless|friendlier|friendlies|friendliest|friendliness|friendly|friends|friendship|friendships|unfriendliest|unfriendly|unfriendliness,38428
fright,fright|frighten|frightened|frightener|frighteners|frightening|frighteningly|frightens|frightful|frightfully|frights,4789
from,from,426024
front,front|forefront|forefronts|frontage|frontages|frontal|frontally|fronted|fronting|frontmost|fronts|frontwards,23674
full,full|fuller|fullest|fullness|fully,42993
fun,fun|funnier|funnies|funniest|funnily|funny|funniness,9788
further,further|furtherance|furthered|furtherest|furthering|furthers|furthest|furtherer|furthermost,36372
game,game|games|gaming,21085
garden,garden|gardened|gardener|gardeners|gardening|gardens,16928
gas,gas|gaseous|gases|gassed|gassing|gassy|gassiness,8991
general,general|generalisability|generalisable|generalisation|generalisations|generalise|generalised|generalises|generalising|generalist|generalists|generalities|generality|generalizability|generalizable|generalization|generalizations|generalize|generalized|generalizes|generalizing|generally,54558
gentle,gentle|gentleness|gentler|gentlest|gently,6993
get,get|gets|gettin|getting|getter|got|gotcha|gotta|gotten,214216
girl,girl|gal|gals|girlhood|girlie|girlies|girlish|girlishly|girlishness|girls|girly,24403
give,give|gave|gimme|given|giver|givers|gives|giving|ungiven,130510
glad,glad|gladden|gladdened|gladdening|gladdens|gladder|gladdest|gladly|gladness,4141
glance,glance|glanced|glances|glancing,6188
glass,glass|glasses|glassier|glassiest|glassily|glassiness|glassy|glassful,12586
go,go|goer|goers|goes|goin|going|goings|gone|goner|goners|gonna|gunna|went,244339
god,god|goddess|goddesses|godless|godlike|godliness|godly|gods,25498
gold,gold|golden,11951
good,good|gidday|goodday|gooder|gooders|goodies|goodly|goodness|goody,84383
goodbye,goodbye|bye|goodbyes,3708
govern,govern|gov|governed|governing|government|governmental|governments|governor|governors|governorship|governorships|governs|govt|intergovernmental|misgoverned|misgoverning|misgoverns|ungovernable,77023
grandfather,grandfather|gran|grandad|grandads|grandchild|grandchildren|granddad|granddads|granddaughter|granddaughters|grandfathers|grandma|grandmas|grandmother|grandmothers|grandmamma|grandmammas|grandpa|grandparent|grandparents|grandpas|grandpop|grandpops|grandson|grandsons|grans|grannie|grannies,7211
grass,grass|grassed|grasses|grassing|grassless|grasslike|grassy,4921
great,great|greater|greatest|greatly|greatness|greats,71452
green,green|greener|greenest|greening|greenish|greenness|greens|greeny,16570
grey,grey|gray|grayed|graying|grayish|grayly|grayness|grays|greyer|greyest|greying|greyish|greyly|greyness|greys,7776
ground,ground|foreground|foregrounded|foregrounding|foregrounds|grounded|grounding|groundless|grounds|ungrounded,23775
group,group|grouped|grouping|groupings|groups|intergroup|regroup|regrouped|regrouping|regroups|subgroup|subgroups|ungrouped,63556
grow,grow|grew|grower|growers|growing|grown|grows|growth|growths|regrow|regrowth,39189
guess,guess|guessable|guessed|guesses|guessing|unguessable,4621
gun,gun|gunless|gunned|gunner|gunners|gunnery|gunning|guns,6508
guy,guy|guys,5107
hair,hair|haired|hairless|hairs|hairy|hairiness,15937
half,half|halfs|halves,38271
hall,hall|halls,12855
hand,hand|handed|handedly|handedness|hander|handers|handful|handfuls|handing|hands,62261
handle,handle|handled|handler|handlers|handles|handling|mishandle|mishandled|mishandles|mishandling,9380
hang,hang|hanged|hanger|hangers|hanging|hangin|hangings|hangs|hung|unhung,10660
happen,happen|happened|happening|happenings|happens,32005
happy,happy|happier|happiest|happily|happiness|unhappier|unhappiest|unhappily|unhappiness|unhappy,18406
hard,hard|harden|hardened|hardener|hardeners|hardening|hardens|harder|hardest|hardness|hardship|hardships,29355
hardly,hardly,8417
hat,hat|hatful|hatfuls|hatless|hats|hatted|hatter|hatters,4391
hate,hate|hated|hateful|hatefully|hatefulness|hater|haters|hates|hating,5506
have,have|d|had|hadn|hadst|has|hasn|hast|hath|haven|haves|having|ve,1344286
he,he|him|himself|his,1234521
head,head|headed|headedness|heading|headings|headless|heads|headship|headships|subheading|subheadings,49983
health,health|healthfully|healthfulness|healthier|healthiest|healthily|healthy|unhealthier|unhealthiest|unhealthy|healthful|unhealthful,29348
hear,hear|heard|hearer|hearers|hearing|hearings|hears|mishear|misheard|mishearing|mishears|reheard|rehearing|unheard,39127
heart,heart|hearted|heartedly|heartedness|hearten|heartened|heartening|heartens|heartless|heartlessly|heartlessness|hearts,16716
heat,heat|heated|heatedly|heater|heaters|heating|heats|preheat|preheated|preheating|preheats|reheat|reheated|reheating|reheats|unheated,10724
heavy,heavy|heavier|heavies|heaviest|heavily|heaviness,14829
hell,hell|hellish|hellishly|hellishness|hells,5329
hello,hello|allo|hallo|hey|hi|hullo,7448
help,help|helped|helper|helpers|helpful|helpfully|helpfulness|helping|helpings|helpless|helplessly|helplessness|helps|unhelpful|unhelpfully,57918
here,here,68212
hide,hide|hid|hidden|hider|hiders|hides|hiding|unhidden,8072
high,high|higher|highest|highly|highs,75092
hill,hill|hills|hilly,10362
history,history|historian|historians|historic|historical|historically|historicism|historicist|historicists|historicity|histories|prehistories|prehistory,31992
hit,hit|hits|hitter|hitting|mishit|mishits|unhit,12662
hold,hold|held|holder|holders|holding|holdings|holds|unheld,57772
hole,hole|holed|holes|holing,8025
holiday,holiday|holidayed|holidayer|holidayers|holidaying|holidays|hols,10755
home,home|homed|homeless|homelessness|homes|homeward|homewards|homing,59801
honest,honest|honestly|honesty,4966
honour,honour|hon|honor|honorable|honorably|honorary|honored|honorific|honoring|honors|honourable|honourably|honourary|honoured|honouring|honours|hons,17653
hope,hope|hoped|hopeful|hopefully|hopefulness|hopefuls|hopeless|hopelessly|hopelessness|hoper|hopers|hopes|hoping,33773
horrible,horrible|horribleness|horribly|orrible,1968
horse,horse|horses|horsey|horsy|unhorsed,13111
hospital,hospital|hospitalisation|hospitalise|hospitalised|hospitalises|hospitalising|hospitalization|hospitalize|hospitalized|hospitalizes|hospitalizing|hospitals,18084
hot,hot|hotly|hotness|hots|hotted|hotter|hottest|hotting,10113
hour,hour|hourly|hours|hr|hrs,32467
house,house|housed|houses|housing|rehouse|rehoused|rehouses|rehousing|unhoused,71931
how,how|hows,99457
however,however,59743
huge,huge|hugely|hugeness,8024
human,human|humanism|humanist|humanistic|humanists|humanity|humanly|humanness|humans|inhuman|inhumanity|nonhuman|nonhumans|humanize,23849
hundred,hundred|hundreds|hundredth|hundredths,22978
hungry,hungry|hunger|hungered|hungering|hungers|hungrier|hungriest|hungrily,3194
hunt,hunt|hunted|hunter|hunters|hunting|huntress|hunts,7975
hurry,hurry|hurried|hurriedly|hurries|hurrying|unhurried|unhurriedly,3839
hurt,hurt|hurter|hurters|hurtful|hurtfully|hurtfulness|hurting|hurts|unhurt,5503
husband,husband|husbands,11898
i,i|me|meself|mine|my|myself,1172647
ice,ice|iced|icily|icy|iciness,6010
idea,idea|ideas,32044
if,if|ifs,253898
imagine,imagine|imaginable|imaginably|imaginary|imagination|imaginations|imaginative|imaginatively|imagined|imagines|imagining|imaginings|unimaginable|unimaginably|unimaginative|unimaginatively|unimagined,13232
important,important|importantly|unimportant,40742
in,in|inner|innermost|inward|inwardly|inwardness|inwards|ins,1963562
indeed,indeed,18434
inform,inform|info|informant|informants|information|informational|informed|informer|informers|informing|informs|misinform|misinformation|misinformations|misinformed|misinforming|misinforms|uninformed,46067
inside,inside|insider|insiders|insides,14991
instead,instead,14255
insure,insure|insurable|insurance|insurances|insured|insurer|insurers|insures|insuring|reinsurance|reinsure|reinsured|reinsures|reinsuring|uninsurable|uninsured,9387
interest,interest|interested|interestedly|interesting|interestingly|interests|uninterested|uninteresting,57817
into,into,157907
involve,involve|involved|involvement|involvements|involves|involving|uninvolved,36441
island,island|islander|islanders|islands,10596
issue,issue|issuance|issued|issuer|issuers|issues|issuing,35725
it,it|its|itself,1238613
job,job|jobber|jobbers|jobbery|jobless|joblessness|jobs,32521
join,join|joined|joining|joins|rejoin|rejoined|rejoining|rejoins,17791
joke,joke|joked|joker|jokers|jokes|jokey|joking|jokingly,4597
judge,judge|judged|judgement|judgemental|judgements|judges|judging|judgment|judgmental|judgments|misjudge|misjudged|misjudgement|misjudgements|misjudgment|misjudgments|misjudges|misjudging|prejudge|prejudged|prejudgement|prejudgements|prejudges|prejudging,19661
jump,jump|jumped|jumper|jumpers|jumping|jumps|jumpy,7222
just,just,126564
keep,keep|keeper|keepers|keepin|keeping|keeps|kept,52074
key,key|keyed|keying|keys,15185
kick,kick|kicked|kicker|kickers|kicking|kicks,5969
kid,kid|kids|kiddy|kiddie|kiddies|kiddo,6062
kill,kill|killed|killer|killers|killing|killings|kills,19169
kind,kind|kinda|kinds,28465
king,king|kingdom|kingdoms|kingly|kings|kingship|kingships,25074
kiss,kiss|kissed|kisser|kisses|kissing|unkissed,5409
kitchen,kitchen|kitchenette|kitchenettes|kitchens,8450
knock,knock|knocked|knocker|knockers|knocking|knocks,5828
know,know|dunno|knew|knowable|knowed|knowing|knowingly|known|knows|unknowable|unknowing|unknowingly|unknown|unknowns,190679
lady,lady|ladies|ladylike|ladyship|ladyships|unladylike,12704
lake,lake|lakes,5112
land,land|landed|landing|landings|landless|lands|landward|landwards,28983
large,large|largeish|largely|larger|largest|largish|largeness,56494
last,last|lastly,75835
late,late|lately|lateness|later|latest,65876
laugh,laugh|laughable|laughably|laughed|laughing|laughingly|laughs,11338
law,law|lawful|lawfully|lawfulness|lawless|lawlessness|laws|unlawful|unlawfully,36127
lay,lay|laid|lain|laying|lays,18043
lazy,lazy|lazier|laziest|lazily|laziness,1166
lead,lead|leader|leaderless|leaders|leadership|leaderships|leading|leads|led|mislead|misleading|misleadingly|misleads|misled,68842
learn,learn|learned|learnedly|learner|learners|learning|learns|learnt|relearn|relearned|relearning|relearns|unlearn|unlearned,26763
least,least,30394
leave,leave|leaver|leavers|leaves|leaving|leavings|leavin,36304
left,left|lefthand|lefthanded|lefthander|lefthanders|leftist|leftists|leftmost|lefts|leftward|leftwards,47844
leg,leg|legged|legging|leggings|leggy|legless|legs,12341
less,less|lessen|lessened|lessening|lessens|lesser,41431
let,let|lemme|lets|letting,36804
letter,letter|lettered|lettering|letterings|letters|unlettered,21727
level,level|leveled|leveler|leveling|levelled|leveller|levellers|levelling|levelly|levels,41949
lie,lie|liar|liars|lied|lies|lying,16047
life,life|lifeless|lifelessly|lifelike|lifes|midlife,58217
lift,lift|lifted|lifter|lifters|lifting|lifts,10203
light,light|lighted|lighters|lighting|lights|lit|unlit,33318
like,like|likeness|likenesses|unlike,156796
liked,liked|likes|liking|likeable|likeably|likable,8774
line,line|lined|lines|unlined,38277
lip,lip|lipped|lips,6465
list,list|listed|listing|listings|lists|unlisted,20410
listen,listen|listened|listener|listeners|listening|listenings|listens,13333
little,little|leetle|littleness|littler|littlest,63013
live,live|lived|lives|living|livings|liveable|livable|unliveable,52234
load,load|loaded|loader|loaders|loading|loadings|loads|reload|reloaded|reloading|reloads|unload|unloaded|unloading|unloads,7774
local,local|localisation|localise|localised|localises|localising|localism|localization|localize|localized|localizes|localizing|locally|locals,49693
lock,lock|lockable|locked|locking|locks|unlock|unlocked|unlocking|unlocks,7700
long,long|longer|longest|longish,83099
look,look|looked|looker|lookin|looking|looks|unlooked,123683
lord,lord|lorded|lording|lordly|lords|lordship|lordships|lordy,21087
lose,lose|loser|losers|loses|losing|lost,30388
lot,lot|lots,32454
loud,loud|louder|loudest|loudly|loudness,4120
love,love|lovable|loveable|loved|loveless|lover|lovers|loves|lovey|loveys|loving|lovingly|luv|luvs|unlovable|unloved,34331
lovely,lovely|lovelier|loveliest|loveliness|unlovely,6240
low,low|lowish|lowlier|lowliest|lowly|lows,20456
luck,luck|luckier|luckiest|luckily|luckless|lucky|unluckier|unluckiest|unluckily|unlucky,8454
lunch,lunch|lunched|lunches|lunching,5858
machine,machine|machined|machinery|machines|machining|machinist|machinists,16836
mad,mad|madden|maddened|maddening|maddeningly|maddens|madder|maddest|madding|madly|madness,4322
main,main|mainly|mains,33065
major,major|majored|majoring,28973
make,make|made|maker|makers|makes|making|makings|remade|remake|remakes|remaking|unmade|unmake,223856
man,man|manfully|manhood|manliness|manly|unmanly|manned|manning|mannish|mans|men|mens|unmanned,99863
manage,manage|manageable|managed|management|managements|manager|manageress|manageresses|managerial|managers|manages|managing|mismanage|mismanaged|mismanagement|mismanages|mismanaging|unmanageable,59902
many,many,89002
mark,mark|marked|markedly|marker|markers|marking|markings|marks|unmarked,26447
market,market|marketability|marketable|marketed|marketeer|marketeers|marketer|marketers|marketing|markets|nonmarket,43184
marry,marry|intermarriage|intermarriages|intermarried|intermarries|intermarry|intermarrying|marriage|marriageable|marriages|married|marries|marrying|remarriage|remarriages|remarried|remarries|remarry|remarrying|unmarriageable|unmarried,22661
master,master|mastered|masterful|mastering|masterly|masters|mastery,9633
matter,matter|mattered|mattering|matters,31530
may,may,128063
maybe,maybe,10023
meal,meal|meals,6655
mean,mean|meaning|meaningful|meaningfully|meaningfulness|meaningless|meaninglessness|meanings|means|meant,91891
meet,meet|meeting|meetings|meets|met|unmet,55096
member,member|members|membership|memberships,53679
mention,mention|mentioned|mentioning|mentions|unmentionable|unmentioned,12504
mess,mess|messed|messes|messier|messiest|messily|messiness|messing|messy,3077
middle,middle|middles|middling,15490
might,might|mightn,59502
mile,mile|mileage|mileages|miles,14900
milk,milk|milked|milking|milks|milky,5531
million,million|millions|millionth,28347
mind,mind|minded|mindedly|mindedness|minder|minders|mindful|unmindful|mindfulness|minding|mindless|mindlessly|mindlessness|minds,33146
minute,minute|min|mins|minutes,29613
miss,miss,11976
missed,missed|misses|missing|unmissed,8772
mistake,mistake|mistaken|mistakenly|mistakes|mistaking|mistook|unmistakable|unmistakably|unmistakeable|unmistakeably,7456
mister,mister|mr,66659
moment,moment|momentarily|momentary|moments,24753
monday,monday|mon|mondays,6133
money,money|moneyed|moneys|monied|monies,37920
month,month|monthly|months,43031
more,more,209874
morning,morning|morn|mornin|mornings,21139
most,most|mostly,102116
mother,mother|mothered|motherhood|mothering|motherly|mothers|motherless,28992
mountain,mountain|mountaineer|mountaineering|mountaineers|mountainous|mountains|mountainside|mountainsides,7472
mouth,mouth|mouthed|mouthful|mouthfuls|mouthing|mouthings|mouths|mouthy,10494
move,move|immovable|immoveable|movable|moveable|moved|movement|movements|mover|movers|moves|moving|movingly|unmovable|unmoveable|unmoved|unmoving,65658
movie,movie|movies,2928
mrs,mrs|missis|missus|missuses|miz,21199
much,much,90827
mum,mum|mam|mammies|mammy|mams|mom|mommies|mommy|moms|mummy|mums,11806
music,music|musical|musically|musicals|musician|musicians|musicianship|musics,20403
must,must|mustn|musta,70196
name,name|misnamed|misnaming|named|nameless|namely|names|naming|rename|renamed|renames|renaming|renamings|unnamed,42072
nation,nation|national|nationalisation|nationalisations|nationalise|nationalised|nationalising|nationalism|nationalisms|nationalist|nationalistic|nationalistically|nationalists|nationalization|nationalize|nationalized|nationalizing|nationally|nationals|nationhood|nationhoods|nations|nationwide,53721
nature,nature|natural|naturalism|naturalist|naturalistic|naturalistically|naturalists|naturally|naturalness|natured|naturedly|natures|unnatural|unnaturally,38034
naughty,naughty|naughtier|naughtiest|naughtily|naughtiness,720
near,near|nearby|neared|nearer|nearest|nearing|nearly|nearness|nears|nearside,38128
neat,neat|neater|neatest|neatly|neatness,3125
necessary,necessary|necessaries|necessarily|unnecessarily|unnecessary,25779
neck,neck|necked|necking|necks,6219
need,need|needed|needful|needing|needless|needlessly|needn|needs|unneeded,93170
neighbour,neighbour|neighbor|neighborhood|neighborhoods|neighboring|neighborliness|neighborly|neighbors|neighbourhood|neighbourhoods|neighbouring|neighbourliness|neighbourly|neighbours,8090
never,never,53557
new,new|newer|newest|newish|newly|newness|renew|renewable|renewables|renewal|renewals|renewed|renewing|renews,133652
news,news|newsy,14361
next,next,45326
nice,nice|nicely|niceness|nicer|nicest,14266
night,night|nightly|nights|nts,39187
nine,nine|niner|niners|nines|nineteen|nineteenth|nineteenths|nineties|ninetieth|ninetieths|ninety|ninth|ninths,30873
no,no|noes|nothing|nothin|nothingness|nothings|nowt|nuffink|nobody|nobodies|nowhere|nohow,273619
noise,noise|noiseless|noiselessly|noises|noisier|noisiest|noisily|noisy,6719
none,none,9068
normal,normal|normalisation|normalise|normalised|normalises|normalising|normality|normalization|normalize|normalized|normalizes|normalizing|normally,21304
north,north|ne|nne|nnw|northerlies|northerly|northernmost|northward|northwards|northwest|nw,26215
nose,nose|nosed|noseless|noses|nosing,4954
not,not|nots|nt|t,763344
note,note|notable|notables|notably|noted|notes|noting,28412
notice,notice|noticeable|noticeably|noticed|notices|noticing|unnoticeable|unnoticed,16774
now,now,139604
number,number|nos|numbered|numbering|numberless|numbers|renumber|renumbered|renumbering|renumbers|unnumbered,61788
nurse,nurse|nursed|nurses|nursing,8995
obvious,obvious|obviously|obviousness,19000
odd,odd|odder|oddest|oddities|oddity|oddly|oddness|odds,7361
of,of,3052563
off,off|offs|orf,75340
offer,offer|offered|offeree|offerees|offerer|offerers|offering|offerings|offeror|offerors|offers,37928
office,office|offices,29466
officer,officer|officers,17818
often,often|oft,37466
oil,oil|oiled|oiler|oilers|oiliness|oiling|oils|oily|unoiled,12099
ok,ok|okay|okey,14915
old,old|olde|olden|older|oldest|oldie|oldies|oldish|oldy,74043
on,on|onto,741805
once,once,37332
one,one|noone|oneness|ones|oneself,318107
only,only,149228
open,open|opened|opener|openers|opening|openings|openly|openness|opens|reopen|reopened|reopening|reopens|unopened,55123
or,or|ors,370503
orange,orange|orangeish|oranges|orangey|orangish|orangy,3195
order,order|ordered|ordering|orderlies|orderliness|orderly|orders|reorder|reordered|reordering|reorders|unordered,47056
other,other|otherness|others,182034
ought,ought|oughta|oughtn,5847
out,out|outer|outs|outside|outsider|outsiders|outsides|outta|outward|outwardly|outwards,230247
over,over|overly,136377
own,own,69129
owned,owned|owner|owners|ownership|owning|owns,18802
pack,pack|package|packaged|packages|packaging|packed|packer|packers|packing|packs|unpack|unpacked|unpacking|unpacks,17071
page,page|pages|pp,22801
pain,pain|pained|painful|painfully|painfulness|paining|painless|painlessly|painlessness|pains,11162
paint,paint|painted|painter|painterly|painters|painting|paintings|paints|repaint|repainted|repainting|repaintings|repaints|unpainted,17134
pair,pair|paired|pairing|pairings|pairs|unpaired,8767
paper,paper|papered|papering|paperless|papers|papery,23672
pardon,pardon|pardonable|pardoned|pardoning|pardons|unpardonable,1988
parent,parent|parentage|parental|parented|parenthood|parenting|parentless|parents,22208
park,park|parked|parking|parks,15882
part,part|parted|partial|partially|parting|partly|parts|pt|pts,78816
particular,particular|particularisation|particularise|particularised|particularises|particularising|particularism|particularisms|particularistic|particularities|particularity|particularization|particularize|particularized|particularizes|particularizing|particularly|particulars,51285
party,party|partied|parties|partying,53980
pass,pass|impassable|impassably|passable|passably|passed|passer|passers|passes|passing,25386
past,past|pasts,25935
pay,pay|paid|payable|payed|payee|payees|payer|payers|paying|payment|payments|pays|prepaid|prepay|prepayment|prepayments|unpaid,57431
penny,penny|pence|pennies|penniless,3708
people,people|peopled|peoples|peopling,123540
perfect,perfect|imperfect|imperfection|imperfections|imperfectly|perfected|perfecting|perfection|perfectionism|perfectionist|perfectionists|perfections|perfectly|perfects,11870
perhaps,perhaps,33605
person,person|interpersonal|personal|personalism|personalistic|personally|personhood|persons,49536
photograph,photograph|photo|photographed|photographer|photographers|photographic|photographically|photographing|photographs|photography|photos,12560
pick,pick|picked|picker|pickers|picking|pickings|picks|picky|unpick|unpicked|unpicking|unpicks,15699
picture,picture|pic|pics|pictured|pictures|picturing,17271
piece,piece|pieced|pieces|piecing,15205
place,place|placed|placement|placements|places|placing|placings|unplaced,69769
plan,plan|planned|planner|planners|planning|plans|unplanned,48463
plant,plant|planted|planter|planters|planting|plantings|plants|replant|replanted|replanting|replants|unplanted,18652
play,play|playability|playable|played|player|players|playful|playfully|playfulness|playing|plays|replay|replayed|replaying|replays|unplayable,62427
please,please|pleased|pleases|pleasing|pleasingly|unpleased|unpleasing,19560
plenty,plenty|plentiful|plentifully,5215
plus,plus|pluses,8353
point,point|midpoint|midpoints|pointed|pointedly|pointer|pointers|pointing|pointless|pointlessly|pointlessness|points|pointy,65397
police,police|policed|polices|policing,28299
poor,poor|poorer|poorest|poorly|poorness,17287
pop,pop|popped|popping|pops,4910
position,position|positional|positioned|positioning|positions|reposition|repositioned|repositioning|repositions,28270
possible,possible|impossibility|impossible|impossibly|possibilities|possibility|possibles|possibly,57539
post,post|postage|postages|postal|posted|posting|postings|posts,19514
pot,pot|potful|potfuls|pots|potted|potter|potteries|potters|pottery|potting,5502
pound,pound|pounds,19113
power,power|powered|powerful|powerfully|powering|powerless|powerlessly|powerlessness|powers,48931
prepare,prepare|prep|preparation|preparations|preparatory|prepared|preparedness|prepares|preparing|unprepared,21372
present,present|presently,26444
presented,presented|presentable|presentably|presentation|presentational|presentations|presenter|presenters|presenting|presents|unpresentable,16363
press,press|pressed|presses|pressing|unpressed,18512
pretty,pretty|prettier|prettiest|prettily|prettiness,7888
price,price|priced|priceless|prices|pricey|pricing|unpriced,31924
prince,prince|princedom|princedoms|princelier|princeliest|princeliness|princeling|princelings|princely|princes|princess|princesses,9811
prison,prison|imprison|imprisoned|imprisoning|imprisonment|imprisonments|imprisons|prisoned|prisoner|prisoners|prisons,14187
probably,probably|improbabilities|improbability|improbable|improbably|probabilistic|probabilistically|probabilities|probability|probable|probables,30302
problem,problem|problematic|problematical|problematically|problems|unproblematic,57176
programme,programme|program|programed|programing|programmable|programmatic|programmed|programmer|programmers|programmes|programming|programs,34018
promise,promise|promised|promises|promising|unpromising,11262
proper,proper|improper|improperly|properly,12413
protect,protect|protected|protecting|protection|protectionism|protectionist|protectionists|protections|protective|protectively|protectiveness|protector|protectors|protectorship|protectorships|protects|unprotected,19789
public,public|publically|publicly|publics,40910
pull,pull|pulled|pulling|pulls,14167
push,push|pushed|pusher|pushers|pushes|pushing|pushy,11183
put,put|puts|putting,68149
quarter,quarter|quartered|quartering|quarterly|quarters,11522
queen,queen|queene|queenly|queens,8370
question,question|questionable|questionably|questioned|questioner|questioners|questioning|questioningly|questions|unquestionability|unquestionable|unquestionably|unquestioned|unquestioning|unquestioningly,44161
quick,quick|quicken|quickened|quickening|quickens|quicker|quickest|quickie|quickies|quickly|quickness,19628
quiet,quiet|quieten|quietened|quietening|quietens|quieted|quieter|quietest|quietly|quietness,10686
quite,quite,39926
rabbit,rabbit|rabbits|rabbitted|rabbitter|rabbitters|rabbiter|rabbiters|rabbitting,2513
race,race|raced|racer|racers|races|racing,14015
radio,radio|radioed|radios|radioing,9384
rain,rain|rained|rainier|rainiest|raining|rains|rainy,7981
raise,raise|raised|raiser|raisers|raises|raising,21478
rate,rate|rateable|rated|rater|raters|rates|rating|ratings,34668
rather,rather,41811
reach,reach|reached|reaches|reaching,24524
read,read|misread|misreading|misreads|readability|readable|reader|readers|reading|readin|readings|reads|reread|rereading|rereadings|rereads|unread|unreadable,45041
ready,ready|readied|readier|readies|readiest|readily|readiness|readying|unready,14137
real,real|realism|realisms|realist|realistic|realistically|realists|realities|reality|unreal|unrealistic|unrealistically|unreality,35217
realise,realise|realisable|realisation|realisations|realised|realises|realising|realizable|realization|realizations|realize|realized|realizes|realizing|unrealised|unrealized,16669
really,really,46482
reason,reason|reasonable|reasonableness|reasonably|reasoned|reasoning|reasons|unreasonable|unreasonableness|unreasonably|unreasoning,41474
recent,recent|recently,27987
record,record|prerecord|prerecorded|prerecording|prerecords|recorded|recorder|recorders|recording|recordings|records|unrecorded,36144
red,red|redden|reddened|reddening|reddens|redder|reddest|reddish|reddy|redness|reds|redly,17639
relate,relate|interrelate|interrelated|interrelates|interrelating|interrelation|interrelations|interrelationship|interrelationships|related|relatedness|relates|relating|relation|relational|relations|relationship|relationships|unrelated,57068
remember,remember|remembered|remembering|remembers|remembrance|remembrances,26056
rent,rent|rentable|rental|rentals|rented|renting|rents|renter|renters|unrentable,6134
reply,reply|replied|replies|replying,10420
report,report|reported|reportedly|reporter|reporters|reporting|reports|unreported|reportage,56679
responsible,responsible|irresponsible|irresponsibly|responsibilities|responsibility|responsibly,21884
rest,rest,15696
rested,rested|restful|restfully|restfulness|resting|restless|restlessly|restlessness|rests,4151
return,return|returnable|returned|returnee|returnees|returner|returners|returning|returns|unreturned,33550
rich,rich|richer|riches|richest|richly|richness,9671
rid,rid|ridding|rids,2607
ride,ride|ridden|rideable|rider|riders|ridership|rides|riding|rode,10333
right,right|righthand|righthanded|righthander|righthanders|rightist|rightists|rightmost,93639
rights,rights|righted|rightful|rightfully|righting|rightly|rightness|righto|righty|rt,15332
ring,ring|rang|ringed|ringing|rings|rung,13165
rise,rise|risen|riser|risers|rises|rising|risings|rose,30298
river,river|rivers,11626
road,road|rd|roads,32507
rock,rock|rocklike|rocks|rocky,11279
roll,roll|rolled|roller|rollers|rolling|rolls|unroll|unrolled|unrolling|unrolls,10684
room,room|anteroom|anterooms|roomed|rooming|roomful|roomfuls|roomier|roomiest|rooms|roomy,37721
rough,rough|roughage|roughed|roughen|roughened|roughening|roughens|rougher|roughest|roughing|roughish|roughly|roughness|roughs,6313
round,round|rounded|rounder|rounders|roundest|rounding|roundly|roundness|rounds,35362
rubbish,rubbish|rubbished|rubbishes|rubbishing,2263
rule,rule|misrule|misruled|ruled|ruler|rulers|rules|ruling|rulings|unruled,28095
run,run|ran|rans|rerun|rerunning|reruns|runner|runners|runnier|runniest|runnin|running|runny|runs,53862
sad,sad|sadden|saddened|saddening|saddens|sadder|saddest|sadly|sadness|sadnesses,6364
safe,safe|safely|safeness|safer|safes|safest|safety|unsafe,19122
sail,sail|sailed|sailer|sailers|sailing|sailings|sailor|sailors|sails,5995
same,same|sameness,61363
saturday,saturday|saturdays,8588
save,save|saved|saver|savers|saves|saving|savings|unsaved,17440
say,say|said|saying|sayings|says|sez|unsaid|unsayable,320400
scare,scare|scared|scareder|scaredest|scares|scarier|scariest|scaring|scary,2316
school,school|preschool|preschooled|preschooler|preschoolers|preschooling|preschools|schooled|schooling|schools|unschooled,54983
science,science|sciences|scientific|scientifically|scientificity|scientist|scientists|unscientific|unscientifically,24600
sea,sea|seas|seaward|seawards,15046
seat,seat|seated|seater|seaters|seating|seats|unseat|unseated|unseating|unseats,13151
second,second|secondaries|secondarily|secondary|seconder|seconders|secondly,50903
secure,secure|insecure|insecurities|insecurity|secured|securely|secures|securing|securities|security|unsecured,24583
see,see|saw|seeing|seein|seen|seer|seers|sees|seest|unseeing|unseeingly|unseen,188145
seem,seem|seemed|seeming|seemingly|seems,61164
self,self|selfhood|selfish|selfishly|selfishness|selfless|selflessly|selflessness|selves|unselfish|unselfishly|unselfishness,20372
sell,sell|resell|reseller|resellers|reselling|resold|seller|sellers|selling|sells|sold|unsold|undersold,26625
send,send|sender|senders|sending|sends|sent|unsent,24806
sense,sense|senseless|senselessness,21877
serious,serious|seriously|seriousness,18312
serve,serve|servant|servants|served|server|serveries|servers|servery|serves|serving|servings|unserved,23574
service,service|serviceable|serviced|services|servicing|unserviced,57132
set,set|sets|setting|settings|unset,59495
settle,settle|resettle|resettled|resettlement|resettlements|resettler|resettlers|resettles|resettling|settled|settlement|settlements|settler|settlers|settles|settling|settlor|settlors,14732
seven,seven|sevens|seventeen|seventeenth|seventeenths|seventh|sevenths|seventies|seventieth|seventieths|seventy,29008
several,several|severally,23499
sex,sex|sexed|sexes|sexier|sexiest|sexily|sexiness|sexing|sexism|sexist|sexists|sexless|sexual|sexualisation|sexualise|sexualised|sexualises|sexualising|sexuality|sexualization|sexualize|sexualized|sexualizes|sexualizing|sexually|sexy,20224
shake,shake|shakable|shaken|shaker|shakers|shakes|shakily|shakiness|shaking|shaky|shook|unshakable|unshakeable,10217
shall,shall|shalst|shalt|shan,20468
shape,shape|misshape|misshaped|misshapen|misshapes|misshaping|shaped|shapeless|shapelessly|shapelessness|shapelier|shapeliest|shapeliness|shapely|shaper|shapers|shapes|shaping|unshapely,12740
share,share|shared|shares|sharing|unshared,29692
she,she|her|hers|herself,676070
ship,ship|shipment|shipments|shipped|shipper|shippers|shipping|ships,10207
shirt,shirt|shirted|shirts,4591
shoe,shoe|shoed|shoeing|shoeless|shoes,4866
shoot,shoot|shooter|shooters|shooting|shootings|shoots|shot|shots,15024
shop,shop|shopped|shopper|shoppers|shopping|shops,20556
short,short|shortage|shortages|shorten|shortened|shortening|shortens|shorter|shortest|shortish|shortness,28471
should,should|shouldn,109183
shoulder,shoulder|shouldered|shouldering|shoulders,8917
shout,shout|shouted|shouter|shouters|shouting|shouts,6433
show,show|showed|showing|showings|shown|shows,69875
shut,shut|shuts|shutting,5349
shy,shy|shyly|shyness,1544
sick,sick|sicken|sickened|sickening|sickeningly|sickens|sicker|sickest|sickly|sickness|sicknesses,6293
side,side|sided|sides|sideways|siding|sidings,42437
sight,sight|sighted|sightedness|sighter|sighters|sighting|sightings|sightless|sightlessly|sights|unsighted|unsightly,8380
sign,sign|signed|signer|signers|signing|signings|signs|unsigned,21015
silly,silly|sillier|silliest|sillily|silliness,2774
simple,simple|simpleness|simpler|simplest|simplification|simplifications|simplified|simplifies|simplify|simplifying|simply|unsimplified,34519
since,since,49016
sing,sing|sang|singer|singers|singing|sings|sung|unsung,9617
single,single|singled|singleness|singles|singling|singly,21564
sir,sir|sirs,18530
sister,sister|sisterhood|sisterly|sisters,9591
sit,sit|resat|resit|resits|resitting|sat|sits|sitter|sitters|sittin|sitting|sittings,30566
situation,situation|situate|situated|situating|situates|situational|situationally|situations,21754
six,six|sixes|sixteen|sixteenth|sixteenths|sixth|sixthly|sixths|sixties|sixtieth|sixtieths|sixty,46324
size,size|sizable|sized|sizes|sizing,16486
skin,skin|skinned|skinning|skins,8020
sky,sky|skies|skyward|skywards,5567
sleep,sleep|sleeper|sleepers|sleepily|sleepiness|sleeping|sleepless|sleeplessness|sleeps|sleepy|slept,12879
slight,slight|slighter|slightest|slighting|slightly,12394
slip,slip|slippage|slippages|slipped|slipping|slippy|slips,6409
slow,slow|slowed|slower|slowest|slowing|slowly|slowness|slows,16174
small,small|smaller|smallest|smallish|smallness|smalls,52520
smell,smell|smelled|smelliness|smelling|smells|smelly|smelt,5752
smile,smile|smiled|smiles|smiling|smilingly|unsmiling,17602
smoke,smoke|nonsmoking|smoked|smokeless|smoker|smokers|smokes|smokey|smokier|smokiest|smokiness|smoking|smoky,9359
snow,snow|snowed|snowier|snowiest|snowiness|snowing|snows|snowy,4254
so,so,242541
soft,soft|soften|softened|softener|softeners|softening|softens|softer|softest|softly|softness,10445
some,some|somebody|somehow|someone|somethin|something|sometime|sometimes|somewhere,273968
son,son|sonny|sons,16691
song,song|songs,6976
soon,soon|sooner|soonest,21607
sorry,sorry|sorrier|sorriest|sorriness,10812
sort,sort|sorts,29917
sound,sound|sounded|sounding|soundings|soundless|soundlessly|sounds,23682
south,south|southerlies|southerly,26157
space,space|spaced|spacer|spacers|spaces|spacing|spacious|spaciously|spaciousness|unspaced,16191
speak,speak|speaker|speakers|speaking|speaks|spoke|spoken|unspeakable|unspeakably|unspeaking|unspoken,38512
special,special|specialisation|specialisations|specialise|specialised|specialises|specialising|specialism|specialisms|specialist|specialists|specialities|speciality|specialization|specializations|specialize|specialized|specializes|specializing|specially|specials|specialties|specialty,34759
spend,spend|misspent|spender|spenders|spending|spends|spent|unspent,26496
sport,sport|sporting|sports|sporty,10626
spot,spot|spotless|spotlessly|spotlessness|spots|spotted|spotter|spotters|spottier|spottiest|spottily|spottiness|spotting|spotty,8628
spring,spring|sprang|springing|springs|sprung,8256
square,square|sq|squared|squarely|squareness|squarer|squares|squarest|squaring,10228
stage,stage|staged|stages|staging,22447
stand,stand|standin|standing|stands|stood,37802
star,star|stardom|starlet|starlets|starlike|starred|starring|starry|stars|starless,12317
stare,stare|stared|stares|staring,8130
start,start|restart|restarted|restarting|restarts|started|starter|starters|starting|starts,52225
state,state|stated|statement|statementing|statements|stating|unstated,60399
station,station|stationed|stationing|stations|substation|substations,14443
stay,stay|stayed|stayer|staying|stays,20152
steal,steal|stealer|stealers|stealing|steals|stole|stolen,5685
step,step|stepped|stepping|steps|stepwise,20227
stick,stick|sticker|stickers|sticking|sticks|stuck|unstuck|nonstick,10584
still,still|stilled|stiller|stillest|stilling|stillness|stills,72924
stone,stone|stoned|stones|stoney|stonier|stonily|stoniness|stoning|stony,12449
stop,stop|nonstop|stoppage|stoppages|stopped|stopper|stoppers|stopping|stops|unstop|unstoppable,28170
store,store|storable|storage|stored|stores|storing,12470
story,story|stories,18208
straight,straight|straighten|straightened|straightener|straighteners|straightening|straightens|straighter|straightest|straights|unstraightened|straightness,10997
strange,strange|strangely|strangeness|stranger|strangers|strangest,9986
street,street|st|streets,41130
strike,strike|striker|strikers|strikes|striking|strikingly|struck,16285
strong,strong|stronger|strongest|strongly,24751
student,student|students|studentship|studentships,22428
study,study|studied|studies|studious|studiously|studying|unstudied,42038
stuff,stuff,6930
stupid,stupid|stupider|stupidest|stupidity|stupidly,3547
subject,subject|subjects,31162
such,such,107485
sudden,sudden|suddenly|suddenness,15254
suggest,suggest|suggested|suggestible|suggesting|suggestion|suggestions|suggestive|suggestively|suggestiveness|suggests,34232
suit,suit|suitability|suitable|suitably|suited|suiting|suits|unsuitability|unsuitable|unsuitably|unsuited,16080
summer,summer|midsummer|summered|summering|summers|summery,11901
sun,sun|sunless|sunlight|sunned|sunnier|sunniest|sunning|sunny|suns|sunshine,15488
sunday,sunday|sundays,10000
support,support|supported|supporter|supporters|supporting|supportive|supports|unsupported|supportable|insupportable,46681
suppose,suppose|supposed|supposedly|supposes|supposing,17967
sure,sure|surely|sureness|surer|surest|unsure,30586
surprise,surprise|surprised|surprises|surprising|surprisingly|unsurprised|unsurprising|unsurprisingly,16798
sweet,sweet|sweeten|sweetened|sweetener|sweeteners|sweetening|sweetens|sweeter|sweetest|sweetie|sweeties|sweetly|sweetness|sweets|unsweetened|sweetish,5759
swim,swim|swam|swimmer|swimmers|swimming|swims|swum,5247
system,system|subsystem|subsystems|systematic|systematically|systems|unsystematic|unsystematically,64621
table,table|tabled|tables|tabling,23270
tail,tail|tailed|tailing|tailings|tails|tailless,4052
take,take|retake|retaken|retakes|retaking|retook|taken|taker|takers|takes|takin|taking|takings|took,177137
talk,talk|talked|talker|talkers|talkin|talking|talks,40409
tall,tall|taller|tallest|tallness,5108
tape,tape|taped|tapes|taping,11418
taste,taste|tasted|tasteful|tastefully|tastefulness|tasteless|tastelessly|tastelessness|taster|tasters|tastes|tastier|tastiest|tasting|tasty,6630
tax,tax|nontaxable|pretax|taxable|taxation|taxed|taxes|taxing|untaxed,24693
tea,tea|teas,8893
teach,teach|taught|untaught|teachable|teacher|teacherly|teachers|teaches|teaching|teachings,37220
team,team|teamed|teaming|teams,23833
tear,tear|tearing|tears|tore|torn,7841
telephone,telephone|phone|phoned|phones|phoning|tel|telephoned|telephones|telephonic|telephoning,20718
television,television|televise|televised|televises|televising|televisings|televisions|televize|televized|televizes|televizing|televizings|tellies|telly|tv|tvs,18123
tell,tell|retell|retelling|retold|telling|tells|told|untold,74466
ten,ten|tens|tenth|tenths,22736
tend,tend|tended|tendencies|tendency|tending|tends,15287
term,term|midterm|midterms|preterm|termed|terming|termism|termly|terms,46982
terrible,terrible|terribly,5643
test,test|retest|retested|retesting|retests|testable|tested|tester|testers|testing|tests|untestable|untested,26092
than,than,145073
thank,thank|thanked|thankful|thankfully|thankfulness|thanking|thankless|thanklessly|thanks|thankyou|unthanked,20052
that,that|thats|those,1208154
the,the,6056782
then,then,154918
there,there,319874
they,they|em|their|theirs|theirselves|them|themself|themselves,868761
thick,thick|thicken|thickened|thickener|thickeners|thickening|thickens|thicker|thickest|thickly|thickness|thicknesses,6872
thing,thing|thingie|thingies|things|thingy,75134
think,think|rethink|rethinking|rethinks|rethought|thinker|thinkers|thinkin|thinking|thinks|thought|thoughtful|thoughtfully|thoughtfulness|thoughtless|thoughtlessly|thoughtlessness|thoughts|unthinkable|unthinking|unthinkingly|unthought,167038
thirst,thirst|thirsted|thirstier|thirstiest|thirstily|thirstiness|thirsting|thirsts|thirsty,689
thirteen,thirteen|thirteenth|thirteenths,2888
thirty,thirty|thirties|thirtieth|thirtieths,12427
this,this|these,578204
though,though|tho,44170
thousand,thousand|thousands|thousandth|thousandths,15728
three,three|third|thirdly|thirds|threes,110292
throat,throat|throated|throatily|throats|throaty,3514
through,through|thro|throughout|thru,93952
throw,throw|threw|thrower|throwers|throwing|thrown|throws,11748
thursday,thursday|thurs|thursdays,3866
tie,tie|tied|ties|tying|untie|untied|unties|untying,8088
tight,tight|tighten|tightened|tightening|tightens|tighter|tightest|tightly|tightness|tights,7975
till,till|til,5495
time,time|anytime|timed|timeless|timelessness|timeliness|timely|timer|timers|times|timing|timings|untimed|untimeliness|untimely,197715
tire,tire|tired|tireder|tiredest|tiredly|tiredness|tireless|tirelessly|tirelessness|tires|tiring|untiring|untiringly|overtired|overtire|overtires|overtiring,5030
to,to,2605024
today,today|todays,26083
together,together|togetherness|togethers,30175
tomorrow,tomorrow|tomorrows,8929
tonight,tonight,6570
too,too,67296
tooth,tooth|teeth|teethed|teethes|teething|teethings|toothed|toothless|toothy,5675
top,top|topless|topmost|topped|topper|toppers|topping|toppings|tops|untopped,30222
total,total|totaled|totaling|totality|totalizing|totalled|totalling|totally|totals|untotalled|subtotal|subtotals,24739
touch,touch|touchable|touched|touches|touching|touchingly|untouchable|untouchables|untouched,13386
toward,toward|towards,28443
town,town|towns|township|townships,22868
track,track|tracked|tracker|trackers|tracking|trackless|tracks,9347
train,train|trained|trainee|trainees|trainer|trainers|training|trains|untrained|retrain|retrained|retraining|retrains,38332
travel,travel|traveled|traveler|travelers|traveling|travelled|traveller|travellers|travelling|travels,16228
treat,treat|mistreat|mistreated|mistreating|mistreatment|mistreatments|mistreats|pretreated|pretreatment|treatable|treated|treating|treatment|treatments|treats|untreatable|untreated,26369
tree,tree|treeless|trees,14922
trip,trip|tripped|tripping|trips,6340
trouble,trouble|troubled|troubles|troublesome|troubling|troublingly|untroubled,12047
true,true|truer|truest|truism|truisms|truly|untrue,21448
trust,trust|antitrust|entrust|entrusted|entrusting|entrusts|trusted|trustier|trustiest|trusting|trusts|trusty,13634
truth,truth|truthful|truthfully|truthfulness|truthiness|truths|untruth|untruthful|untruthfully|untruthfulness|untruths,9086
try,try|triable|tried|tries|tryin|trying|untried,55212
tuesday,tuesday|tue|tues|tuesdays,3978
turn,turn|turned|turning|turnings|turns|unturned,54522
twelve,twelve|twelfth|twelfths|twelves,8008
twenty,twenty|twenties|twentieth|twentieths,23825
two,two|twice|twos,168048
type,type|subtype|subtypes|types,27722
ugly,ugly|uglier|ugliest|ugliness,1507
uncle,uncle|uncles,3688
under,under,63657
underneath,underneath,1824
understand,understand|misunderstand|misunderstanding|misunderstandings|misunderstands|misunderstood|understandable|understandably|understanding|understandingly|understandings|understands|understood,33385
unless,unless,10847
until,until,40130
up,up|upmost|upped|upping|ups|upside,223719
upon,upon,23054
use,use|misuse|misused|misuser|misusers|misuses|misusing|reusable|reuse|reused|reuses|reusing|unusable|unused|usability|usable|useable|used|useful|usefully|usefulness|useless|uselessly|uselessness|user|users|uses|using,186734
usual,usual|unusual|unusually|usually,31240
van,van|vans,4575
very,very,119652
video,video|videoed|videoing|videos,12134
view,view|viewable|viewed|viewer|viewers|viewing|views,37439
visit,visit|revisit|revisitation|revisitations|revisited|revisiting|revisits|unvisited|visitation|visitations|visited|visiting|visitor|visitors|visits,29789
voice,voice|voiced|voiceless|voices|voicing|unvoiced,27102
wait,wait|waited|waitin|waiting|waits,22072
wake,wake|wakeful|wakefulness|waken|wakened|wakening|wakens|wakes|wakey|waking|woke|woken,5574
walk,walk|walkable|walked|walker|walkers|walkie|walkies|walking|walks,30349
wall,wall|walled|walling|walls,18341
want,want|unwanted|wanna|wanta|wanted|wanting|wants,92122
war,war|interwar|postwar|prewar|warred|warring|wars,33257
warm,warm|warmed|warmer|warmers|warmest|warming|warmly|warms|warmth,12163
wash,wash|unwashable|unwashed|washable|washed|washer|washers|washes|washing,8394
waste,waste|wastage|wastages|wasted|wasteful|wastefully|wastefulness|waster|wasters|wastes|wasting,10114
watch,watch|watched|watcher|watchers|watches|watchful|watchfully|watchfulness|watching,23041
water,water|watered|waterier|wateriest|wateriness|watering|waters|watery,39600
wave,wave|waved|waves|waving,8842
way,way|midway|ways,112608
we,we|our|ours|ourself|ourselves|us,531030
wear,wear|unwearable|unworn|wearable|wearer|wearers|wearing|wears|wore|worn,15931
weather,weather|weathered|weathering|weathers,6670
web,web,606
wednesday,wednesday|wednesdays,4510
week,week|midweek|midweekly|weeklies|weekly|weeks,50967
weight,weight|unweighted|weighted|weighting|weightings|weightless|weightlessly|weightlessness|weights,10492
well,well|unwell,151619
west,west|midwest|westerlies|westerly|westward|westwards|wnw|wsw,24211
wet,wet|wetly|wetness|wets|wettable|wetted|wetter|wettest|wetting,4465
what,what|whaddya|whatcha|whatever|whats|wot,253809
wheel,wheel|wheeled|wheeler|wheelers|wheelie|wheelies|wheeling|wheels,5956
when,when|whenever,213030
where,where|wherever,108206
whether,whether,35491
which,which|whichever,367055
while,while|whilst,60594
white,white|whiten|whitened|whitener|whiteners|whiteness|whitening|whitens|whiter|whites|whitest|whitish,26895
who,who|whoever|whom|whomever|whose,234518
whole,whole|wholeness|wholes|wholistic|wholistically|wholly,32821
why,why|whys,48729
wide,wide|widely|widen|widened|wideness|widening|widens|wider|widest|width|widths,28184
wife,wife|wifely|wives,18658
wild,wild|wilder|wildest|wildly|wildness|wilds,7070
will,will|ll,320814
willing,willing|willingly|willingness|unwilling|unwillingly|unwillingness|willed,7147
win,win|winner|winners|winning|winnings|wins|won,49396
wind,wind|winded|windless|winds|windward|windwards|windy|windiness,10181
window,window|windowed|windowless|windows,19282
wine,wine|wined|wineries|winery|wines|wining,7459
winter,winter|midwinter|wintered|wintering|winterise|winterised|winterising|winterize|winterized|winterizing|winters|wintery|wintry,8198
wish,wish|wished|wisher|wishers|wishes|wishing,19520
with,with|wiv,660232
within,within,45778
without,without,44831
woman,woman|womanhood|womaniser|womanisers|womanising|womanish|womanize|womanliness|womanizer|womanizers|womanizing|womanly|women|womens,61103
wonder,wonder|wondered|wonderful|wonderfully|wondering|wonderingly|wonderment|wonders|wondrous|wondrously,19271
wood,wood|wooden|woodenly|woodenness|woods|woodsy|woody,13475
word,word|worded|wording|wordings|wordless|wordlessly|words|wordy|wordiness,44835
work,work|rework|reworked|reworking|reworks|unworkable|unworked|workable|worked|worker|workers|workin|working|workings|works,168597
world,world|unworldliness|unworldly|worldliness|worldly|worlds,60540
worry,worry|unworried|worried|worriedly|worriedness|worrier|worriers|worries|worrying|worryingly,12546
worse,worse|worsen|worsened|worsening|worsens|worst,12694
worth,worth|unworthy|unworthiness|worthier|worthies|worthiest|worthily|worthiness|worthless|worthlessness|worthy,14451
would,would|wouldn,246616
write,write|rewrit|rewrite|rewrites|rewriting|rewritten|rewrote|unwritten|writer|writers|writes|writing|writings|written|wrote,57991
wrong,wrong|wronged|wrongful|wrongfully|wrongfulness|wronging|wrongly|wrongness|wrongs,16900
yard,yard|yd,3557
yards,yards|yds,3700
year,year|yearling|yearlings|yearly|years|yr|yrs,178649
yellow,yellow|yeller|yellowed|yellower|yellowest|yellowing|yellowish|yellowness|yellows|yellowy,5147
yes,yes|ya|yah|yea|yeah|yeh|yep|yeses|yup|yesh,145174
yesterday,yesterday|yesterdays,19382
yet,yet,33985
you,you|ye|yer|yerself|your|yours|yourself|yourselves|yous|youse,821635
young,young|younger|youngest|youngish|youngster|youngsters,41165
zero,zero|zeroed|zeroing|zeros,2796
